Item,Specification,Qty,Unit Price (CAD),Total (CAD),Source,Link
M3 Washers,"304 stainless steel flat washer, 50pcs pack",1,1.42,1.42,AliExpress - JiYu320 Store,https://www.aliexpress.com/item/1005004133884905.html
Aluminum Plate,"200mm x 200mm, 1mm thick",1,11.58,11.58,AliExpress - MetalHome Wholesale Store,https://www.aliexpress.com/item/1005010781576808.html
Brass Insert Nuts & Screws,"M3A assortment kit, 420pcs",1,14.64,14.64,AliExpress - YMAX A Salted Fish Store,https://www.aliexpress.com/item/1005005467831636.html
TPA3116D2 Amplifier Board,"XY-1001W, 100W mono, potentiometer all-in-one",1,16.28,16.28,AliExpress - Tech Hub 103 Store,https://www.aliexpress.com/item/1005009268771211.html
Acrylic Sheet,"150mm x 150mm, 1mm thick",1,1.63,1.63,AliExpress - Disen Tools Store,https://www.aliexpress.com/item/1005009867398893.html
M3 Threaded Rod,"DIN975, 304 stainless steel, M3 x 90mm, 5pcs/pack",1,1.40,1.40,AliExpress,https://www.aliexpress.com/item/1005003590615453.html
M3 Lock Nuts,"M3 304 stainless steel black hex nylon insert self-locking nut",1,1.40,1.40,AliExpress,https://www.aliexpress.com/item/1005009539464446.html
,,,,,,
,,Items Subtotal,,48.35,,
,,Shipping,,13.63,,
,,Estimated Total,,61.98,,
